bongopet3_limpio.xlsx,None,None,None,2025-07-28 14:56:14.543970
bongopet3_limpio.xlsx,Bravecto 10-20kg,None,None,2025-07-28 14:56:19.742808
bongopet3_limpio.xlsx,None,None,None,2025-07-28 14:56:26.130958
bongopet3_limpio.xlsx,None,1,50,2025-07-28 14:56:33.127257
bongopet3_limpio.xlsx,None,150,200,2025-07-28 14:57:10.724650
bongopet3_limpio.xlsx,None,1,50,2025-07-28 14:57:19.337040
bongopet3_limpio.xlsx,None,None,None,2025-07-28 14:58:06.313636
bongopet3_limpio.xlsx,None,None,None,2025-07-28 15:04:36.064602
bongopet3_limpio.xlsx,None,None,None,2025-07-28 15:04:42.173483
bongopet3_limpio.xlsx,None,None,None,2025-07-28 15:04:48.558574
bongopet3_limpio.xlsx,None,None,None,2025-07-28 15:04:54.485630
bongopet3_limpio.xlsx,None,None,None,2025-07-28 15:05:00.869684
bongopet3_limpio.xlsx,None,None,None,2025-07-28 15:08:40.754922
bongopet3_limpio.xlsx,None,None,None,2025-07-30 17:14:37.353137
bongopet3_limpio.xlsx,None,None,None,2025-07-30 17:17:47.547207
bongopet3_limpio.xlsx,None,None,None,2025-07-30 17:22:09.979627
bongopet3.xlsx,None,None,None,2025-07-30 17:30:22.766164
bongopet3_limpio.xlsx,None,None,None,2025-07-30 17:38:35.335887
